{
    "loss": 0.6247344017028809,
    "accuracy": 0.9482758641242981
}